{
  "json_valid_rate": 1.0,
  "exact_match_rate": 0.20512820512820512,
  "field_precision": 0.5561224489795918,
  "field_recall": 0.6566265060240963,
  "field_f1": 0.6022099447513812
}